customer_id,age,income,spending_score,savings,height_cm,weight_kg,gender,city,education,date,purchase_amount
1,56,25287,18,31314,167,80,Female,New York,PhD,2023-01-01,2519
2,46,54387,40,3643,152,109,Female,Stockholm,Master,2023-01-02,22915
3,32,28512,21,41785,177,83,Male,London,Bachelor,2023-01-03,19997
4,60,21342,15,19681,155,105,Male,Stockholm,Master,2023-01-04,10001
5,25,83076,97,39328,193,64,Male,Nairobi,Master,2023-01-05,36005
6,38,39216,99,16892,193,97,Male,Stockholm,High School,2023-01-06,21707
7,56,113070,26,48299,170,74,Male,New York,High School,2023-01-07,28666
8,36,99767,8,18073,177,85,Female,London,High School,2023-01-08,37507
9,40,117829,94,37768,189,57,Male,Nairobi,Bachelor,2023-01-09,41694
10,28,46614,87,31682,150,58,Male,London,PhD,2023-01-10,25206
11,28,56258,42,33262,185,107,Female,London,PhD,2023-01-11,13262
12,41,113789,44,32358,170,107,Female,Nairobi,Bachelor,2023-01-12,32639
13,53,62078,14,15289,192,86,Male,London,Master,2023-01-13,27198
14,57,103524,78,8927,184,97,Female,London,Bachelor,2023-01-14,37120
15,41,116573,2,49330,162,94,Female,Stockholm,Master,2023-01-15,42438
16,20,32219,37,2171,198,88,Female,London,Bachelor,2023-01-16,12974
17,39,20235,69,12918,159,81,Female,London,Bachelor,2023-01-17,3761
18,19,62929,38,42903,193,107,Male,London,Bachelor,2023-01-18,27139
19,41,87444,41,40110,196,101,Female,London,PhD,2023-01-19,27383
20,61,28567,62,12929,159,66,Male,Nairobi,High School,2023-01-20,18263
21,47,90792,60,3539,195,84,Male,New York,Bachelor,2023-01-21,33363
22,55,85441,14,37727,162,86,Female,Stockholm,PhD,2023-01-22,19316
23,19,104555,89,46951,186,68,Female,London,High School,2023-01-23,41087
24,38,93698,84,23669,187,93,Female,London,High School,2023-01-24,47490
25,50,25415,2,6432,173,78,Male,Nairobi,Bachelor,2023-01-25,10289
26,29,56159,70,21644,151,108,Female,New York,Master,2023-01-26,23560
27,39,63925,17,19745,171,56,Female,London,Master,2023-01-27,26254
28,61,25951,89,29228,166,77,Female,Nairobi,Master,2023-01-28,17738
29,42,107388,28,35521,185,58,Female,Stockholm,Bachelor,2023-01-29,36064
30,44,28007,66,32703,163,77,Female,Stockholm,Master,2023-01-30,9543
31,59,61832,35,27928,159,55,Male,London,PhD,2023-01-31,23218
32,45,78596,5,19322,184,78,Female,London,PhD,2023-02-01,29256
33,33,50523,65,23360,174,107,Female,New York,PhD,2023-02-02,17476
34,32,108861,40,30055,152,66,Female,New York,PhD,2023-02-03,43780
35,64,106740,76,43891,196,65,Male,London,High School,2023-02-04,39163
36,61,35524,56,17376,187,72,Female,Nairobi,PhD,2023-02-05,11818
37,20,39282,36,7588,166,80,Male,New York,Master,2023-02-06,20372
38,54,43930,45,26000,161,52,Male,London,Bachelor,2023-02-07,16245
39,24,20077,23,7304,173,70,Female,New York,Master,2023-02-08,12120
40,38,40611,47,8345,178,75,Female,London,PhD,2023-02-09,15424
41,26,36984,31,30300,192,85,Female,Stockholm,High School,2023-02-10,13896
42,56,34060,11,25259,174,91,Male,London,PhD,2023-02-11,13785
43,35,102985,10,26470,185,86,Male,Stockholm,Bachelor,2023-02-12,33349
44,21,104056,67,24017,175,102,Male,New York,Master,2023-02-13,27939
45,42,63303,14,16352,187,71,Male,London,Bachelor,2023-02-14,14784
46,31,79207,80,34365,150,91,Male,New York,Bachelor,2023-02-15,36409
47,26,95046,74,20446,169,61,Male,Stockholm,Bachelor,2023-02-16,35253
48,43,49287,93,3336,177,91,Female,London,Master,2023-02-17,21467
49,19,113709,10,10879,165,62,Female,New York,PhD,2023-02-18,28319
50,37,59711,76,33316,196,60,Male,Stockholm,Bachelor,2023-02-19,20114
51,45,31954,94,34340,166,103,Female,New York,Master,2023-02-20,8877
52,64,93340,1,8521,189,65,Female,Nairobi,High School,2023-02-21,27595
53,24,92101,5,7171,177,57,Male,Stockholm,Master,2023-02-22,25138
54,61,91520,20,24481,161,89,Male,Stockholm,High School,2023-02-23,24623
55,25,107062,8,19474,176,108,Female,Stockholm,Master,2023-02-24,32577
56,64,38574,43,47760,191,106,Male,London,PhD,2023-02-25,17692
57,52,29184,76,45629,196,89,Male,London,Bachelor,2023-02-26,26821
58,31,39096,1,46232,179,94,Female,London,PhD,2023-02-27,4269
59,34,87728,57,22008,190,108,Male,Nairobi,Master,2023-02-28,37815
60,53,54016,64,2633,183,51,Female,Nairobi,Bachelor,2023-03-01,27470
61,57,31246,84,13485,186,79,Female,Stockholm,High School,2023-03-02,13878
62,21,65558,28,44617,155,79,Female,Nairobi,Master,2023-03-03,23483
63,19,38381,37,4648,156,61,Female,New York,Bachelor,2023-03-04,12926
64,23,56455,47,48945,181,59,Female,Stockholm,High School,2023-03-05,22564
65,59,112263,76,14140,181,93,Male,Stockholm,High School,2023-03-06,48824
66,21,24018,37,18921,174,60,Male,New York,PhD,2023-03-07,13933
67,46,31302,49,15357,182,64,Male,Stockholm,Master,2023-03-08,16833
68,35,87506,44,47136,156,65,Male,Nairobi,High School,2023-03-09,28500
69,43,61157,56,4137,161,66,Female,London,Bachelor,2023-03-10,16526
70,61,74917,28,1097,165,75,Female,New York,High School,2023-03-11,24232
71,51,112738,79,12407,165,51,Male,Nairobi,High School,2023-03-12,47754
72,27,116646,6,31575,192,99,Female,New York,PhD,2023-03-13,27957
73,53,103122,61,13722,185,61,Male,New York,PhD,2023-03-14,31761
74,31,44519,20,13924,162,100,Male,Stockholm,Bachelor,2023-03-15,15987
75,48,116809,78,4750,156,75,Male,Stockholm,PhD,2023-03-16,37919
76,32,107487,2,28733,185,72,Female,Nairobi,High School,2023-03-17,28483
77,25,76819,73,9535,196,67,Female,New York,High School,2023-03-18,28227
78,31,100910,37,25487,158,81,Female,Stockholm,PhD,2023-03-19,27144
79,40,91324,20,31651,181,98,Female,Stockholm,High School,2023-03-20,24526
80,57,25408,26,5666,160,87,Male,New York,High School,2023-03-21,13739
81,38,79379,29,49777,157,106,Female,Nairobi,Bachelor,2023-03-22,20176
82,33,45053,1,17994,182,96,Female,Nairobi,PhD,2023-03-23,5626
83,62,29446,35,2727,172,52,Female,New York,High School,2023-03-24,9183
84,35,20922,70,35622,174,87,Male,Nairobi,PhD,2023-03-25,16936
85,64,118723,59,11800,157,52,Male,Stockholm,Bachelor,2023-03-26,40532
86,41,71356,69,38823,194,79,Female,New York,PhD,2023-03-27,25983
87,43,30789,33,44039,171,50,Female,Stockholm,High School,2023-03-28,12758
88,42,117720,51,19708,153,79,Female,London,PhD,2023-03-29,31687
89,62,86656,78,13819,189,94,Female,London,High School,2023-03-30,36270
90,58,64028,12,10369,152,81,Male,Nairobi,High School,2023-03-31,22325
91,46,84484,20,10283,178,77,Female,London,High School,2023-04-01,25298
92,32,52154,53,31573,190,70,Female,Stockholm,Bachelor,2023-04-02,25975
93,62,102870,88,14171,178,107,Female,London,PhD,2023-04-03,34023
94,18,22336,43,31933,183,95,Male,Stockholm,Bachelor,2023-04-04,16640
95,42,87779,98,6774,183,62,Male,Nairobi,PhD,2023-04-05,36906
96,24,39029,89,7519,177,76,Female,Nairobi,Bachelor,2023-04-06,18925
97,26,79201,50,11983,162,85,Female,Stockholm,Master,2023-04-07,28660
98,41,52265,29,31932,164,56,Female,London,High School,2023-04-08,18043
99,18,63872,57,31798,172,71,Female,Nairobi,High School,2023-04-09,30963
100,61,66197,39,19133,193,59,Female,New York,Bachelor,2023-04-10,18375
101,25,75180,95,15939,175,88,Male,Nairobi,Master,2023-04-11,28241
102,41,43710,56,1781,153,102,Male,London,High School,2023-04-12,23894
103,28,49486,43,28624,175,64,Male,New York,PhD,2023-04-13,16168
104,34,91907,50,7823,189,64,Female,London,Bachelor,2023-04-14,37074
105,25,91895,23,19489,158,53,Male,Stockholm,High School,2023-04-15,38365
106,52,84435,44,40961,154,81,Male,New York,High School,2023-04-16,27721
107,52,60631,38,30118,181,72,Male,London,Bachelor,2023-04-17,25396
108,50,40103,84,35881,169,104,Female,New York,Bachelor,2023-04-18,14662
109,22,84772,23,17280,199,55,Female,London,PhD,2023-04-19,31505
110,59,34382,45,23263,160,73,Male,New York,PhD,2023-04-20,15811
111,56,104291,52,14565,164,69,Female,London,High School,2023-04-21,38852
112,58,23756,80,21354,181,107,Male,Stockholm,High School,2023-04-22,11898
113,45,40609,50,43951,177,86,Male,New York,Bachelor,2023-04-23,8877
114,24,36478,8,26643,171,69,Male,New York,High School,2023-04-24,14259
115,26,59666,85,24648,190,61,Male,New York,High School,2023-04-25,16082
116,25,95683,1,42971,166,82,Female,New York,Bachelor,2023-04-26,27218
117,29,119097,8,19658,175,77,Female,Stockholm,High School,2023-04-27,41235
118,51,91315,29,22253,193,57,Female,New York,High School,2023-04-28,31253
119,50,97834,96,49563,156,50,Female,Nairobi,Master,2023-04-29,48691
120,40,34153,5,27390,191,86,Male,Stockholm,PhD,2023-04-30,15871
121,41,96325,86,24128,175,71,Female,Nairobi,Bachelor,2023-05-01,34228
122,54,32999,47,14489,174,55,Male,New York,Master,2023-05-02,14736
123,52,75318,34,39314,159,70,Female,London,PhD,2023-05-03,25758
124,61,20814,65,33658,194,81,Female,Nairobi,PhD,2023-05-04,4833
125,57,96077,55,7852,168,84,Female,New York,PhD,2023-05-05,29621
126,39,110474,90,30450,160,64,Male,Nairobi,Master,2023-05-06,39338
127,44,22443,43,3551,162,54,Male,New York,Master,2023-05-07,851
128,52,95993,74,7411,157,109,Male,New York,PhD,2023-05-08,36435
129,18,95916,30,34243,189,105,Male,New York,High School,2023-05-09,30529
130,52,93319,82,22800,153,95,Female,London,High School,2023-05-10,27831
131,54,37368,17,11403,196,99,Male,Nairobi,Master,2023-05-11,14931
132,64,35328,26,8239,180,97,Male,Stockholm,Master,2023-05-12,16777
133,31,76942,8,7710,177,55,Female,Stockholm,Master,2023-05-13,25017
134,20,111751,47,22384,160,74,Female,Stockholm,PhD,2023-05-14,36604
135,18,119131,76,22038,192,105,Male,Stockholm,High School,2023-05-15,46296
136,22,47306,91,41846,150,95,Female,New York,Master,2023-05-16,26692
137,43,105451,72,23447,198,108,Male,Nairobi,Master,2023-05-17,40372
138,31,59915,89,3285,196,105,Female,Nairobi,Bachelor,2023-05-18,22751
139,56,57219,46,38991,187,89,Male,London,PhD,2023-05-19,23148
140,44,100879,68,14521,173,78,Male,Nairobi,Bachelor,2023-05-20,43041
141,26,84644,33,48657,196,56,Male,Nairobi,High School,2023-05-21,25710
142,32,80279,1,7971,180,89,Male,Nairobi,Bachelor,2023-05-22,34673
143,32,73028,19,30139,190,62,Male,London,Bachelor,2023-05-23,21180
144,43,20126,31,20909,195,87,Female,Stockholm,Bachelor,2023-05-24,9299
145,59,72329,80,12531,199,67,Male,Nairobi,PhD,2023-05-25,26336
146,30,47632,14,15721,175,51,Male,London,High School,2023-05-26,16805
147,49,85310,53,20206,198,57,Male,London,Bachelor,2023-05-27,22181
148,56,75176,48,38711,199,60,Male,New York,PhD,2023-05-28,24622
149,49,106066,69,7530,154,82,Male,London,High School,2023-05-29,33259
150,21,64327,90,12116,169,103,Female,Stockholm,Master,2023-05-30,28974
151,47,88904,62,1258,190,87,Female,Nairobi,Bachelor,2023-05-31,37843
152,54,23797,92,1282,160,97,Male,London,High School,2023-06-01,19569
153,40,67882,66,14937,182,76,Female,Stockholm,Bachelor,2023-06-02,15106
154,56,33718,64,2898,199,69,Male,London,Master,2023-06-03,26725
155,62,54560,70,5135,187,61,Female,London,High School,2023-06-04,24844
156,32,96589,63,7629,176,92,Female,London,PhD,2023-06-05,31394
157,60,42116,73,44936,183,80,Male,London,High School,2023-06-06,20720
158,46,56244,33,20584,164,76,Female,London,PhD,2023-06-07,21054
159,53,21645,41,24551,181,81,Female,Stockholm,High School,2023-06-08,7259
160,30,67523,89,34380,170,59,Male,Nairobi,PhD,2023-06-09,30146
161,49,39256,48,47971,195,52,Male,Nairobi,Master,2023-06-10,13539
162,24,73173,13,18071,154,94,Female,Nairobi,Master,2023-06-11,21230
163,39,57430,73,21074,155,76,Female,Nairobi,Master,2023-06-12,21097
164,45,59282,77,26188,187,84,Female,Stockholm,High School,2023-06-13,18321
165,19,83374,31,3307,171,80,Male,New York,Master,2023-06-14,28841
166,59,88244,75,40901,167,64,Female,New York,Bachelor,2023-06-15,36899
167,62,31694,68,12205,163,65,Female,Stockholm,Master,2023-06-16,18882
168,23,76264,98,6906,159,62,Female,Stockholm,PhD,2023-06-17,36778
169,45,95060,4,3591,195,98,Male,London,PhD,2023-06-18,30539
170,45,117416,19,16149,162,84,Male,London,PhD,2023-06-19,34461
171,61,77545,70,45918,180,101,Male,London,High School,2023-06-20,34461
172,61,59224,98,40951,179,60,Male,Nairobi,Bachelor,2023-06-21,20779
173,37,117945,82,26150,152,108,Female,London,Master,2023-06-22,39080
174,47,33224,13,32852,179,70,Male,New York,Bachelor,2023-06-23,6446
175,28,60738,23,43870,155,100,Female,Nairobi,Bachelor,2023-06-24,25921
176,45,45150,83,2283,178,103,Female,London,PhD,2023-06-25,26558
177,42,83731,75,34691,157,60,Female,Nairobi,PhD,2023-06-26,35055
178,56,69688,1,2125,193,79,Female,New York,PhD,2023-06-27,26366
179,50,119929,88,2529,194,109,Male,London,High School,2023-06-28,40382
180,18,93509,54,27170,192,97,Male,New York,Bachelor,2023-06-29,35195
181,44,28577,71,9438,193,102,Male,New York,Bachelor,2023-06-30,15047
182,30,28070,89,21095,182,84,Male,New York,High School,2023-07-01,21555
183,58,28666,85,17154,166,71,Male,London,High School,2023-07-02,16523
184,20,77761,15,9004,197,87,Female,Stockholm,High School,2023-07-03,22903
185,56,56368,65,10752,160,80,Male,London,Bachelor,2023-07-04,26114
186,23,26783,76,44360,162,63,Male,New York,Bachelor,2023-07-05,20015
187,25,61914,71,27819,199,73,Male,London,PhD,2023-07-06,22332
188,44,90507,15,37632,160,99,Male,New York,PhD,2023-07-07,28346
189,26,99026,21,27515,180,98,Female,Stockholm,Bachelor,2023-07-08,26515
190,54,87526,19,25217,177,81,Female,Nairobi,PhD,2023-07-09,15667
191,50,90835,60,24172,193,85,Female,Stockholm,High School,2023-07-10,34252
192,59,65765,93,33994,155,81,Female,Stockholm,Master,2023-07-11,32074
193,61,39956,89,16036,190,104,Female,Nairobi,PhD,2023-07-12,22197
194,41,107895,33,12739,165,64,Male,London,Bachelor,2023-07-13,25920
195,32,66240,49,33220,153,92,Female,Nairobi,PhD,2023-07-14,23017
196,49,57148,96,10587,184,107,Female,London,PhD,2023-07-15,15652
197,49,114270,35,45517,197,84,Female,London,PhD,2023-07-16,44629
198,41,24757,44,31129,175,52,Male,New York,Master,2023-07-17,6396
199,58,39097,90,1645,161,65,Male,New York,High School,2023-07-18,27006
200,29,30395,11,31930,160,54,Female,Nairobi,Bachelor,2023-07-19,14947
201,56,36241,99,17299,186,70,Male,Stockholm,Master,2023-07-20,16269
202,19,47696,72,31090,174,59,Male,Nairobi,Bachelor,2023-07-21,15844
203,20,90480,78,22953,167,68,Female,London,Bachelor,2023-07-22,36695
204,54,66163,74,47443,168,74,Male,New York,Bachelor,2023-07-23,23027
205,34,39816,66,27475,172,53,Male,Nairobi,Master,2023-07-24,19057
206,19,69840,46,19888,187,78,Male,Nairobi,High School,2023-07-25,23137
207,19,72853,9,44732,167,68,Female,New York,Bachelor,2023-07-26,13850
208,45,44917,3,17087,175,92,Female,New York,High School,2023-07-27,2622
209,40,116731,85,47305,155,51,Female,New York,High School,2023-07-28,44652
210,54,41566,26,47037,153,59,Male,London,PhD,2023-07-29,12262
211,49,95452,72,10346,193,92,Female,New York,Master,2023-07-30,33070
212,50,82823,48,1587,178,74,Male,Stockholm,Master,2023-07-31,33126
213,18,40806,66,13763,183,69,Male,Nairobi,PhD,2023-08-01,24709
214,36,95520,70,42945,166,97,Male,New York,PhD,2023-08-02,34293
215,19,21759,28,5079,192,68,Female,New York,High School,2023-08-03,7624
216,61,61949,93,37116,192,72,Female,London,Bachelor,2023-08-04,30385
217,43,112374,26,21215,165,73,Female,London,Master,2023-08-05,29527
218,49,22482,25,26817,151,60,Female,Nairobi,Bachelor,2023-08-06,10360
219,23,44442,12,25765,183,95,Male,Stockholm,Bachelor,2023-08-07,17292
220,49,53719,5,31112,157,83,Female,Nairobi,PhD,2023-08-08,20016
221,21,78066,98,26556,162,104,Male,New York,Bachelor,2023-08-09,23536
222,28,113501,48,19099,191,77,Female,Stockholm,High School,2023-08-10,35043
223,34,22079,37,44553,157,54,Female,Stockholm,PhD,2023-08-11,5932
224,55,22717,79,46096,179,108,Female,Stockholm,Bachelor,2023-08-12,15214
225,41,79676,44,7450,181,54,Male,Stockholm,PhD,2023-08-13,30706
226,22,47952,15,14230,185,100,Male,Nairobi,High School,2023-08-14,23369
227,51,106444,43,30009,196,70,Male,London,High School,2023-08-15,33758
228,23,62460,48,6433,179,61,Male,London,Bachelor,2023-08-16,21050
229,39,110397,87,34866,150,99,Male,New York,PhD,2023-08-17,47567
230,28,92847,70,40864,192,53,Female,London,Bachelor,2023-08-18,36336
231,33,113607,46,19710,188,103,Male,London,Bachelor,2023-08-19,45020
232,50,109106,43,12439,166,98,Male,London,PhD,2023-08-20,38475
233,26,38449,21,42855,169,91,Male,London,Bachelor,2023-08-21,7849
234,23,53536,23,17021,173,69,Male,New York,High School,2023-08-22,11695
235,33,84077,80,7416,199,87,Female,Nairobi,PhD,2023-08-23,25465
236,46,58258,47,7980,171,74,Male,Stockholm,PhD,2023-08-24,25487
237,20,68302,15,19058,178,63,Female,London,PhD,2023-08-25,27933
238,37,48865,25,12101,171,60,Female,Nairobi,PhD,2023-08-26,26406
239,53,26645,36,41718,193,81,Female,London,Bachelor,2023-08-27,15809
240,36,58000,75,33602,158,60,Male,London,Bachelor,2023-08-28,30714
241,43,46737,51,10122,186,67,Female,Stockholm,High School,2023-08-29,16221
242,20,31485,15,13576,159,76,Male,Stockholm,Master,2023-08-30,5163
243,36,58565,68,28516,185,104,Male,Stockholm,Master,2023-08-31,28619
244,37,45522,21,23433,186,103,Male,London,High School,2023-09-01,17845
245,49,85155,13,2089,177,67,Male,London,Master,2023-09-02,27383
246,24,75168,86,38346,177,105,Male,London,High School,2023-09-03,33087
247,58,72487,19,10127,191,72,Female,Stockholm,Bachelor,2023-09-04,25262
248,50,32342,34,11487,192,60,Female,New York,PhD,2023-09-05,19521
249,57,60806,78,1155,170,70,Male,Nairobi,PhD,2023-09-06,32516
250,56,68770,68,2958,173,93,Female,New York,Bachelor,2023-09-07,30152
251,35,98623,52,11693,191,54,Male,London,PhD,2023-09-08,39015
252,57,119785,27,40112,189,72,Female,London,PhD,2023-09-09,41205
253,18,95629,29,39547,151,90,Female,New York,Master,2023-09-10,29282
254,28,72603,28,29795,157,108,Female,London,Bachelor,2023-09-11,28363
255,45,101974,35,22447,197,74,Female,Nairobi,Master,2023-09-12,27119
256,42,46399,8,37598,176,90,Female,London,Master,2023-09-13,19989
257,40,105382,16,42814,171,103,Male,Nairobi,PhD,2023-09-14,27241
258,48,101244,36,26215,186,59,Male,New York,PhD,2023-09-15,35402
259,47,96534,30,10794,176,71,Female,New York,Bachelor,2023-09-16,27734
260,59,75106,18,34209,178,68,Male,London,PhD,2023-09-17,27098
261,52,50678,2,23424,152,50,Female,Nairobi,PhD,2023-09-18,15233
262,24,96218,49,48246,193,56,Male,London,Bachelor,2023-09-19,25791
263,33,83230,77,38396,162,53,Female,Stockholm,PhD,2023-09-20,34772
264,43,94055,4,7370,194,50,Female,Stockholm,Master,2023-09-21,25726
265,19,76373,90,10528,159,64,Female,Stockholm,Bachelor,2023-09-22,36317
266,18,51480,89,29276,185,89,Male,Stockholm,PhD,2023-09-23,24350
267,29,105230,94,45333,158,61,Male,London,High School,2023-09-24,42946
268,22,88836,75,9179,176,71,Female,Stockholm,Bachelor,2023-09-25,29362
269,54,92258,7,49781,183,71,Female,Nairobi,Bachelor,2023-09-26,25430
270,49,59986,95,17843,150,99,Male,New York,High School,2023-09-27,25202
271,26,44160,74,24952,181,96,Male,New York,PhD,2023-09-28,24931
272,58,105595,39,34160,174,66,Male,Stockholm,PhD,2023-09-29,43965
273,52,99111,13,45898,178,78,Male,Stockholm,Bachelor,2023-09-30,27007
274,36,84929,31,30516,156,95,Male,Stockholm,Bachelor,2023-10-01,33962
275,33,93506,71,11449,198,63,Female,London,PhD,2023-10-02,24303
276,20,54911,63,22125,152,99,Male,New York,PhD,2023-10-03,16802
277,37,107127,56,8418,169,69,Female,Stockholm,Master,2023-10-04,32944
278,41,51821,42,23746,169,99,Female,Nairobi,Bachelor,2023-10-05,12983
279,50,95039,61,3454,179,97,Male,Stockholm,Bachelor,2023-10-06,26693
280,41,80535,42,18761,184,82,Male,New York,High School,2023-10-07,30425
281,28,104458,56,16223,184,104,Female,Stockholm,Master,2023-10-08,35867
282,25,32175,36,7701,198,108,Male,New York,PhD,2023-10-09,15149
283,53,74771,84,3597,188,92,Female,Stockholm,Master,2023-10-10,34283
284,55,106925,68,1141,176,64,Male,Nairobi,PhD,2023-10-11,40205
285,57,86358,7,3659,175,61,Male,Stockholm,PhD,2023-10-12,29896
286,37,37327,54,21980,163,89,Male,Nairobi,Master,2023-10-13,16250
287,52,67057,1,10031,166,103,Female,Nairobi,Bachelor,2023-10-14,14282
288,42,26150,44,16037,167,69,Male,Stockholm,PhD,2023-10-15,17534
289,52,24425,45,47738,194,79,Female,Nairobi,Master,2023-10-16,8881
290,42,36032,47,39429,178,87,Male,London,High School,2023-10-17,10831
291,46,22198,13,7142,169,52,Female,Stockholm,Master,2023-10-18,7069
292,35,80500,22,13109,176,77,Male,Stockholm,High School,2023-10-19,21785
293,63,73394,21,23010,167,105,Female,Nairobi,PhD,2023-10-20,22031
294,35,40079,86,9787,153,75,Female,Nairobi,Master,2023-10-21,22343
295,19,56220,92,43864,150,79,Female,Stockholm,Master,2023-10-22,27807
296,52,61874,9,9472,199,62,Female,London,High School,2023-10-23,14973
297,33,33859,26,24383,150,62,Female,Nairobi,Master,2023-10-24,10319
298,58,70460,9,5249,175,51,Female,Nairobi,Master,2023-10-25,27409
299,53,51419,15,48717,194,86,Male,New York,PhD,2023-10-26,19407
300,50,28705,10,35518,169,98,Female,London,Master,2023-10-27,19986
301,21,62880,88,19351,172,87,Female,London,Bachelor,2023-10-28,33564
302,50,43236,42,5088,159,51,Female,Stockholm,High School,2023-10-29,22892
303,31,107955,72,16282,160,85,Male,London,Master,2023-10-30,32647
304,38,105514,24,20330,190,103,Male,Stockholm,High School,2023-10-31,37873
305,37,35358,80,43409,190,75,Male,New York,High School,2023-11-01,18341
306,25,119713,49,22778,154,60,Female,London,High School,2023-11-02,38058
307,24,114914,26,25264,150,57,Male,Nairobi,Master,2023-11-03,37914
308,20,96918,91,6075,166,93,Male,New York,Master,2023-11-04,42901
309,34,34596,37,11412,171,89,Female,Stockholm,High School,2023-11-05,16582
310,50,53572,68,49454,183,92,Female,New York,Bachelor,2023-11-06,18479
311,29,98757,50,29365,194,71,Male,Stockholm,High School,2023-11-07,38339
312,39,21279,24,8230,190,69,Female,New York,Bachelor,2023-11-08,5595
313,39,83197,19,49200,178,57,Female,Stockholm,High School,2023-11-09,27942
314,63,82516,60,12002,153,78,Female,London,PhD,2023-11-10,29238
315,47,27083,39,14947,154,89,Female,Nairobi,High School,2023-11-11,10930
316,55,37771,74,14686,160,75,Male,Stockholm,High School,2023-11-12,22562
317,55,49975,89,30304,170,79,Female,New York,Master,2023-11-13,18691
318,62,65648,18,14074,184,66,Male,Stockholm,Bachelor,2023-11-14,31220
319,25,68285,19,5493,161,69,Male,Stockholm,PhD,2023-11-15,13280
320,44,39063,36,35228,175,101,Male,Stockholm,Bachelor,2023-11-16,12330
321,44,87642,74,15140,168,104,Male,New York,PhD,2023-11-17,35543
322,51,110093,97,32655,194,65,Female,Nairobi,High School,2023-11-18,45649
323,38,106143,55,44472,156,95,Female,London,Master,2023-11-19,36840
324,47,57599,69,7816,196,92,Female,Nairobi,Master,2023-11-20,23892
325,50,71920,47,12639,156,56,Male,Stockholm,Bachelor,2023-11-21,28328
326,45,48529,49,48192,175,65,Male,New York,Master,2023-11-22,18303
327,64,55954,99,47733,189,94,Male,Nairobi,Bachelor,2023-11-23,33652
328,50,47856,98,30492,154,108,Female,Stockholm,Bachelor,2023-11-24,28353
329,22,22573,33,12240,170,96,Male,London,PhD,2023-11-25,14436
330,36,98344,21,33698,163,105,Female,London,Bachelor,2023-11-26,26772
331,21,55367,81,27957,153,97,Female,London,PhD,2023-11-27,24313
332,52,119608,22,33808,172,76,Female,Stockholm,Master,2023-11-28,36580
333,34,80774,48,6827,191,102,Female,New York,Bachelor,2023-11-29,24004
334,61,43752,37,33762,169,72,Male,Nairobi,Bachelor,2023-11-30,18626
335,45,75029,15,9259,164,73,Female,London,High School,2023-12-01,21320
336,47,37685,35,15849,199,58,Male,Stockholm,Bachelor,2023-12-02,18082
337,46,71693,92,17232,194,84,Female,Stockholm,Bachelor,2023-12-03,25356
338,63,75961,71,41572,178,100,Male,Nairobi,High School,2023-12-04,38483
339,23,96908,32,25173,157,69,Male,London,High School,2023-12-05,27790
340,52,94532,11,6374,190,86,Female,Stockholm,Master,2023-12-06,30556
341,58,101994,10,22174,197,91,Female,Nairobi,Bachelor,2023-12-07,35557
342,54,76133,73,24567,168,66,Female,New York,Master,2023-12-08,27286
343,41,117425,78,36292,197,96,Male,New York,Master,2023-12-09,47289
344,46,81268,77,10277,188,80,Female,New York,High School,2023-12-10,25934
345,63,112201,57,32600,195,104,Female,London,PhD,2023-12-11,46620
346,48,58243,25,10885,177,106,Male,Nairobi,Master,2023-12-12,20043
347,52,77384,2,1778,195,57,Female,Nairobi,PhD,2023-12-13,20433
348,50,51653,64,30165,176,64,Male,Stockholm,Bachelor,2023-12-14,20399
349,38,46657,35,2492,153,80,Female,Stockholm,High School,2023-12-15,21541
350,49,59952,7,31462,164,102,Male,Stockholm,Bachelor,2023-12-16,15763
351,40,42180,85,14615,184,79,Male,Nairobi,Bachelor,2023-12-17,17407
352,50,117432,18,45900,186,95,Female,Stockholm,High School,2023-12-18,35921
353,20,98411,67,43946,150,69,Male,Nairobi,Bachelor,2023-12-19,30338
354,35,21622,42,8851,152,109,Female,Nairobi,High School,2023-12-20,19789
355,42,68756,39,17288,196,88,Female,New York,PhD,2023-12-21,21694
356,59,60809,41,8156,173,102,Male,Stockholm,Bachelor,2023-12-22,26500
357,48,36725,75,3044,176,104,Female,New York,High School,2023-12-23,19564
358,20,81396,24,8368,189,61,Male,London,Master,2023-12-24,21896
359,57,71226,60,20900,185,98,Male,London,Bachelor,2023-12-25,27338
360,63,101182,46,31600,183,66,Male,London,PhD,2023-12-26,38874
361,41,102565,19,47403,178,91,Male,Nairobi,High School,2023-12-27,31728
362,49,49402,68,26634,173,79,Male,Nairobi,Bachelor,2023-12-28,27586
363,64,24263,90,10168,173,78,Male,Nairobi,Bachelor,2023-12-29,21386
364,39,116523,42,21961,191,68,Male,Stockholm,Bachelor,2023-12-30,43751
365,40,66828,32,45096,153,95,Male,New York,PhD,2023-12-31,20950
366,19,67924,39,47087,152,60,Female,Nairobi,High School,2024-01-01,18877
367,44,94182,36,24852,183,83,Female,New York,Master,2024-01-02,28786
368,59,113065,97,34110,198,99,Male,New York,Master,2024-01-03,44600
369,19,79052,36,33174,172,56,Female,New York,Master,2024-01-04,30044
370,43,31664,3,35215,172,93,Female,Stockholm,High School,2024-01-05,-1058
371,34,55737,73,27955,194,107,Female,Stockholm,Master,2024-01-06,23980
372,57,109563,8,7581,154,83,Female,London,PhD,2024-01-07,34459
373,50,49373,97,45619,180,108,Female,London,High School,2024-01-08,23124
374,26,56397,70,7317,190,69,Female,New York,Bachelor,2024-01-09,30375
375,60,106145,41,43856,155,99,Male,London,PhD,2024-01-10,38052
376,56,58709,68,46714,186,87,Female,New York,Bachelor,2024-01-11,30963
377,46,81120,13,27649,159,73,Female,Stockholm,Master,2024-01-12,24556
378,59,39250,49,24132,189,59,Female,Stockholm,PhD,2024-01-13,21362
379,43,41172,60,17789,156,81,Female,Stockholm,High School,2024-01-14,26526
380,52,31555,2,15567,188,101,Male,Nairobi,PhD,2024-01-15,16224
381,42,107410,60,15868,187,64,Male,New York,Bachelor,2024-01-16,32762
382,41,98617,5,25370,170,86,Male,Stockholm,High School,2024-01-17,28816
383,30,73276,44,43533,169,69,Male,New York,PhD,2024-01-18,24656
384,24,77492,27,31483,152,52,Female,London,PhD,2024-01-19,28393
385,53,73002,32,13466,171,86,Male,London,PhD,2024-01-20,28532
386,62,109599,21,29803,196,106,Male,Stockholm,PhD,2024-01-21,30785
387,37,92355,8,19230,153,89,Male,New York,High School,2024-01-22,28845
388,18,111248,72,18862,177,57,Male,Stockholm,Bachelor,2024-01-23,30474
389,25,44762,50,44355,161,89,Female,London,PhD,2024-01-24,25638
390,63,31046,67,32259,187,93,Male,Stockholm,High School,2024-01-25,13451
391,33,116999,44,34539,185,105,Female,New York,Bachelor,2024-01-26,39779
392,31,48769,58,22909,196,72,Male,London,PhD,2024-01-27,18882
393,29,73302,3,31795,190,89,Female,Nairobi,Bachelor,2024-01-28,28020
394,40,43150,86,9770,154,60,Female,London,Bachelor,2024-01-29,7357
395,32,88247,70,12093,162,95,Male,Nairobi,High School,2024-01-30,33391
396,45,24853,2,47571,172,57,Male,Stockholm,Bachelor,2024-01-31,7126
397,51,114613,87,1193,199,78,Male,Stockholm,High School,2024-02-01,40815
398,19,109399,44,35775,179,79,Male,New York,PhD,2024-02-02,45850
399,49,41792,2,18569,186,105,Female,Nairobi,Bachelor,2024-02-03,8300
400,40,79129,81,12190,174,109,Female,Stockholm,Bachelor,2024-02-04,35697
401,39,94478,35,43752,197,59,Male,Nairobi,Master,2024-02-05,33624
402,42,87298,98,33327,176,88,Male,Stockholm,PhD,2024-02-06,42296
403,39,51987,87,43070,163,77,Female,London,PhD,2024-02-07,20960
404,39,35850,30,21389,197,98,Male,Stockholm,Master,2024-02-08,10090
405,59,32112,8,41197,196,85,Female,New York,Master,2024-02-09,15913
406,23,44058,22,3261,185,62,Male,London,High School,2024-02-10,17544
407,32,65420,44,29369,188,81,Female,New York,High School,2024-02-11,16301
408,60,58890,58,27512,165,85,Female,London,Bachelor,2024-02-12,20770
409,54,86017,36,7716,171,86,Female,Nairobi,Bachelor,2024-02-13,31337
410,50,67304,69,22259,170,75,Female,New York,Bachelor,2024-02-14,31280
411,25,52921,77,29933,170,71,Female,Stockholm,Bachelor,2024-02-15,20180
412,61,21524,93,42689,157,53,Male,Nairobi,High School,2024-02-16,1185
413,61,35048,31,5378,198,80,Female,Stockholm,PhD,2024-02-17,16230
414,22,55111,47,41583,165,67,Male,London,Bachelor,2024-02-18,15131
415,56,57904,55,47546,180,87,Female,London,PhD,2024-02-19,12784
416,21,74912,80,20835,191,73,Female,Stockholm,Bachelor,2024-02-20,16311
417,23,54008,62,30033,159,105,Male,Stockholm,Master,2024-02-21,26472
418,62,20060,30,25000,181,72,Male,Nairobi,Bachelor,2024-02-22,9661
419,49,94666,55,46496,183,71,Male,Stockholm,Bachelor,2024-02-23,32771
420,47,103559,16,11332,158,51,Male,New York,Bachelor,2024-02-24,39612
421,64,75337,12,43604,166,80,Female,New York,High School,2024-02-25,26987
422,52,33350,17,3800,160,104,Male,Stockholm,Master,2024-02-26,19786
423,57,44354,16,30538,181,60,Female,New York,Bachelor,2024-02-27,7942
424,33,65186,12,31119,159,77,Male,Stockholm,Bachelor,2024-02-28,20583
425,30,48145,8,9333,171,95,Male,Nairobi,PhD,2024-02-29,7159
426,59,54020,84,6410,166,81,Female,New York,Master,2024-03-01,23459
427,47,106123,3,18839,153,54,Female,New York,Bachelor,2024-03-02,30893
428,36,95186,16,31519,197,87,Male,Stockholm,PhD,2024-03-03,33288
429,34,105469,30,6808,196,59,Female,New York,PhD,2024-03-04,34868
430,36,40581,23,7796,174,89,Female,London,High School,2024-03-05,17591
431,45,108929,92,22180,170,95,Female,Nairobi,PhD,2024-03-06,45395
432,43,43051,5,44056,186,73,Female,Nairobi,Bachelor,2024-03-07,24189
433,54,71474,84,18709,187,84,Female,New York,High School,2024-03-08,28265
434,43,111748,65,18543,198,93,Female,New York,High School,2024-03-09,35319
435,40,89626,30,38418,150,97,Female,London,Bachelor,2024-03-10,31118
436,26,26960,21,30075,174,109,Female,London,Master,2024-03-11,6176
437,29,55772,84,38755,185,72,Male,New York,PhD,2024-03-12,32541
438,18,41520,70,48968,166,66,Female,New York,High School,2024-03-13,18039
439,18,69481,22,38465,190,50,Male,London,Master,2024-03-14,20216
440,64,56408,82,31502,173,104,Female,Stockholm,Bachelor,2024-03-15,22765
441,51,114006,72,17724,151,80,Female,London,PhD,2024-03-16,44993
442,49,77134,32,4828,189,80,Female,Stockholm,PhD,2024-03-17,25551
443,42,40491,33,18087,164,91,Female,Nairobi,High School,2024-03-18,12238
444,57,21341,16,13605,181,106,Male,Nairobi,PhD,2024-03-19,16329
445,62,64623,76,32337,188,104,Male,London,PhD,2024-03-20,22706
446,18,110327,38,6482,155,91,Female,Stockholm,PhD,2024-03-21,37075
447,33,20338,98,28005,150,102,Male,London,PhD,2024-03-22,19162
448,56,91431,14,23760,196,105,Female,London,Bachelor,2024-03-23,20672
449,22,32254,36,6463,172,83,Female,Stockholm,Master,2024-03-24,15677
450,39,71860,97,47628,188,58,Male,London,Bachelor,2024-03-25,25982
451,46,31344,23,5912,166,71,Male,Nairobi,Bachelor,2024-03-26,15817
452,20,21750,66,5648,183,62,Female,New York,High School,2024-03-27,8311
453,29,74756,85,34623,190,74,Female,New York,PhD,2024-03-28,34390
454,43,87957,2,36634,178,97,Male,London,Bachelor,2024-03-29,32116
455,33,78053,91,45602,158,67,Female,Stockholm,PhD,2024-03-30,36823
456,54,90855,73,4112,162,100,Male,Stockholm,Bachelor,2024-03-31,35813
457,39,35896,65,23054,155,61,Female,Nairobi,Bachelor,2024-04-01,16112
458,46,75761,75,5492,155,89,Female,Stockholm,High School,2024-04-02,27346
459,31,82552,67,23207,169,66,Male,Stockholm,Master,2024-04-03,38820
460,45,97454,52,16114,152,64,Male,Nairobi,Master,2024-04-04,30938
461,22,110600,62,35285,166,91,Male,London,Bachelor,2024-04-05,34194
462,64,47935,23,17018,198,64,Female,New York,High School,2024-04-06,20007
463,47,57641,26,22386,161,64,Female,Nairobi,PhD,2024-04-07,15911
464,63,49711,68,18740,197,104,Female,London,PhD,2024-04-08,16962
465,22,90342,82,45199,196,88,Female,Nairobi,Bachelor,2024-04-09,28084
466,29,32182,55,9210,194,62,Male,London,Master,2024-04-10,12740
467,33,107833,6,45363,150,66,Female,Nairobi,High School,2024-04-11,32536
468,43,76276,35,46639,166,81,Female,London,Master,2024-04-12,27598
469,43,39541,22,13743,152,58,Female,Nairobi,PhD,2024-04-13,18818
470,38,114457,43,43092,175,89,Male,London,Master,2024-04-14,41271
471,56,102310,15,45299,164,69,Female,Nairobi,PhD,2024-04-15,31238
472,53,64813,86,7588,185,75,Female,New York,High School,2024-04-16,27052
473,50,57198,60,4311,181,76,Male,New York,High School,2024-04-17,25710
474,47,28820,12,23432,181,70,Female,Stockholm,Bachelor,2024-04-18,16208
475,54,44070,49,34755,153,67,Female,London,Bachelor,2024-04-19,18752
476,40,89768,42,4321,167,62,Male,Nairobi,Master,2024-04-20,28784
477,27,31122,38,16812,198,65,Female,London,High School,2024-04-21,8172
478,22,100559,82,38383,168,58,Female,New York,High School,2024-04-22,31141
479,53,93543,45,49280,192,61,Female,London,Bachelor,2024-04-23,35894
480,51,103441,35,14146,184,93,Male,Nairobi,PhD,2024-04-24,37422
481,48,61786,30,14654,189,87,Female,London,Master,2024-04-25,24422
482,27,114934,88,36820,163,68,Female,Nairobi,Master,2024-04-26,42636
483,36,119804,30,1726,182,109,Male,New York,Bachelor,2024-04-27,45975
484,49,26737,78,4760,163,56,Male,New York,High School,2024-04-28,13400
485,18,56062,6,23190,183,106,Female,New York,Bachelor,2024-04-29,22194
486,22,74237,67,2875,153,84,Female,Stockholm,Bachelor,2024-04-30,28777
487,62,71571,80,24377,173,97,Female,New York,Bachelor,2024-05-01,26429
488,21,45510,7,47737,178,67,Female,London,Bachelor,2024-05-02,17315
489,33,39426,52,5033,168,65,Male,Stockholm,PhD,2024-05-03,19075
490,41,57265,14,39211,155,104,Female,New York,PhD,2024-05-04,20364
491,33,37850,73,18373,182,88,Male,London,High School,2024-05-05,19061
492,19,86150,15,4744,198,53,Male,London,Bachelor,2024-05-06,27155
493,45,107312,21,25995,189,108,Female,London,PhD,2024-05-07,46235
494,49,109613,35,17977,168,74,Female,Nairobi,High School,2024-05-08,42305
495,44,94910,66,33402,150,81,Male,Stockholm,Bachelor,2024-05-09,38687
496,37,72375,91,35542,154,89,Male,London,Master,2024-05-10,31371
497,41,55435,2,11651,176,62,Female,Nairobi,PhD,2024-05-11,21866
498,29,116443,35,34703,165,94,Male,New York,High School,2024-05-12,41022
499,52,77132,82,14395,155,66,Female,London,Master,2024-05-13,31470
500,50,98945,78,30808,189,98,Female,Nairobi,Bachelor,2024-05-14,35965
501,50,102050,20,37576,162,86,Male,London,Bachelor,2024-05-15,32210
502,60,115402,82,17715,197,55,Male,Stockholm,Bachelor,2024-05-16,26968
503,54,22983,10,45409,184,68,Female,Stockholm,PhD,2024-05-17,8947
504,29,117241,25,25306,168,62,Male,New York,High School,2024-05-18,35229
505,20,40662,66,20086,161,106,Female,London,Master,2024-05-19,26761
506,18,43510,25,15376,165,109,Female,Nairobi,High School,2024-05-20,15649
507,50,98187,54,6889,192,75,Female,New York,PhD,2024-05-21,28911
508,57,60998,33,38822,159,63,Male,London,High School,2024-05-22,21349
509,27,76846,36,37636,174,80,Female,New York,PhD,2024-05-23,21423
510,60,114071,95,21584,169,103,Female,Nairobi,Bachelor,2024-05-24,46088
511,61,26640,14,35610,180,53,Female,New York,Master,2024-05-25,10846
512,46,64547,65,11058,153,109,Female,New York,Bachelor,2024-05-26,30653
513,30,74620,80,10101,193,88,Female,New York,High School,2024-05-27,26431
514,29,35317,54,13497,172,57,Female,London,Bachelor,2024-05-28,16165
515,48,27564,52,5658,151,74,Female,Nairobi,Master,2024-05-29,6644
516,63,47345,3,12381,171,62,Female,Stockholm,Bachelor,2024-05-30,18010
517,19,114223,99,41312,186,81,Female,London,Master,2024-05-31,46761
518,52,99273,41,41486,157,108,Female,Stockholm,Master,2024-06-01,36360
519,40,94859,6,47619,156,87,Female,Stockholm,Bachelor,2024-06-02,29065
520,34,100765,25,18154,163,87,Male,London,PhD,2024-06-03,34803
521,43,94038,13,20539,152,105,Female,London,High School,2024-06-04,37533
522,25,72393,98,12777,199,77,Female,Nairobi,PhD,2024-06-05,30092
523,46,86081,8,35396,165,102,Female,Nairobi,PhD,2024-06-06,27317
524,43,49430,21,31373,168,79,Male,New York,Bachelor,2024-06-07,11498
525,27,95532,98,34154,167,52,Female,Stockholm,High School,2024-06-08,34118
526,43,47788,68,7031,165,77,Male,Nairobi,High School,2024-06-09,21625
527,51,115505,25,28997,157,52,Female,New York,PhD,2024-06-10,42671
528,58,68543,79,7439,182,94,Female,Nairobi,Bachelor,2024-06-11,27181
529,24,33919,68,23785,198,103,Male,London,High School,2024-06-12,15796
530,21,89346,45,14392,161,83,Female,Nairobi,PhD,2024-06-13,29269
531,62,116122,60,29669,160,65,Male,Stockholm,High School,2024-06-14,38162
532,28,59974,12,29939,154,71,Male,Nairobi,Bachelor,2024-06-15,20667
533,46,36371,32,3282,176,81,Female,Stockholm,Bachelor,2024-06-16,6625
534,53,65084,96,35624,161,87,Female,London,Bachelor,2024-06-17,35529
535,42,49629,92,49438,166,57,Female,Stockholm,High School,2024-06-18,20761
536,38,71184,13,25364,155,104,Female,Nairobi,Master,2024-06-19,26264
537,53,81916,31,2998,182,57,Male,New York,High School,2024-06-20,21324
538,27,93972,78,32705,154,106,Male,London,Master,2024-06-21,39335
539,54,82187,20,39244,177,55,Female,Nairobi,Bachelor,2024-06-22,30015
540,26,32984,18,10428,163,63,Male,London,PhD,2024-06-23,13616
541,41,53039,93,38437,154,81,Male,London,Master,2024-06-24,20239
542,52,105431,60,13336,182,84,Female,Nairobi,Bachelor,2024-06-25,38877
543,52,103691,63,10342,199,59,Male,Nairobi,Bachelor,2024-06-26,31492
544,53,78606,6,40832,197,52,Male,New York,Master,2024-06-27,22917
545,35,30616,32,8446,190,108,Female,London,PhD,2024-06-28,17531
546,56,70072,93,39392,168,61,Male,London,Bachelor,2024-06-29,34305
547,49,44574,43,8461,171,98,Female,Nairobi,Master,2024-06-30,17748
548,41,23430,2,35587,154,108,Male,Stockholm,PhD,2024-07-01,2354
549,40,32676,60,11516,151,80,Female,Nairobi,PhD,2024-07-02,19030
550,49,30816,23,14749,179,78,Male,London,Bachelor,2024-07-03,11641
551,54,52733,83,18514,196,54,Male,Nairobi,High School,2024-07-04,12518
552,29,105680,31,36426,188,101,Female,New York,High School,2024-07-05,38717
553,30,22050,5,37268,153,74,Female,Stockholm,Bachelor,2024-07-06,6993
554,40,53933,83,25950,182,90,Female,Nairobi,PhD,2024-07-07,30492
555,42,44951,34,35888,162,80,Female,New York,Bachelor,2024-07-08,11408
556,52,52413,10,37788,169,70,Male,London,Master,2024-07-09,840
557,58,54801,89,11213,156,107,Male,Nairobi,High School,2024-07-10,26735
558,47,75619,2,37027,164,69,Male,London,Master,2024-07-11,24343
559,34,52913,11,29011,172,88,Female,New York,Bachelor,2024-07-12,8520
560,37,60600,50,43849,163,71,Male,London,Bachelor,2024-07-13,18287
561,42,77775,31,35591,172,53,Male,New York,PhD,2024-07-14,40208
562,39,110816,56,18858,168,62,Female,New York,PhD,2024-07-15,37316
563,30,110093,79,19626,178,94,Female,New York,PhD,2024-07-16,44582
564,36,55400,73,14467,169,91,Male,Nairobi,Master,2024-07-17,20666
565,53,24494,87,40758,178,99,Female,London,PhD,2024-07-18,5596
566,29,100688,83,4134,173,98,Male,London,Bachelor,2024-07-19,37655
567,58,109431,9,17743,167,69,Male,Stockholm,PhD,2024-07-20,32401
568,36,94691,99,16434,159,101,Female,Stockholm,High School,2024-07-21,36307
569,29,117419,21,48775,190,62,Male,Stockholm,PhD,2024-07-22,36752
570,26,63001,73,11233,157,66,Female,Stockholm,Master,2024-07-23,27521
571,24,87364,28,2141,175,103,Female,London,High School,2024-07-24,28258
572,45,65028,62,19019,178,85,Male,New York,High School,2024-07-25,19388
573,31,117659,7,21384,159,82,Male,New York,High School,2024-07-26,38428
574,48,57573,80,43903,166,50,Male,Nairobi,Master,2024-07-27,15525
575,36,20806,16,46734,151,64,Female,New York,Bachelor,2024-07-28,-2409
576,64,76638,97,37129,155,62,Male,London,PhD,2024-07-29,36387
577,33,49757,4,23967,154,66,Female,London,High School,2024-07-30,17862
578,22,54636,4,41603,177,73,Female,London,High School,2024-07-31,16503
579,52,100097,40,12172,190,107,Male,Nairobi,High School,2024-08-01,27051
580,29,68280,17,17390,154,57,Female,Stockholm,Bachelor,2024-08-02,18644
581,42,44262,52,4267,167,99,Male,New York,Bachelor,2024-08-03,17164
582,38,100435,93,40332,175,76,Male,London,Master,2024-08-04,31451
583,53,82211,52,27167,169,94,Male,London,Bachelor,2024-08-05,26168
584,40,74842,36,22312,190,72,Male,Stockholm,PhD,2024-08-06,29314
585,33,76979,38,28840,198,95,Male,London,Master,2024-08-07,34030
586,56,101470,50,19990,176,57,Male,New York,Master,2024-08-08,33343
587,62,58197,63,45179,198,57,Male,Nairobi,PhD,2024-08-09,27541
588,59,61844,63,6906,161,108,Female,London,PhD,2024-08-10,15282
589,56,84754,62,49796,156,75,Male,New York,PhD,2024-08-11,34923
590,31,54157,99,41379,152,96,Female,London,Master,2024-08-12,22127
591,48,97129,7,18297,159,108,Female,Stockholm,Master,2024-08-13,31375
592,22,60042,27,3011,183,62,Female,London,Master,2024-08-14,19473
593,52,81665,92,45014,174,88,Male,London,PhD,2024-08-15,40301
594,40,102856,86,47558,184,86,Female,Nairobi,PhD,2024-08-16,35084
595,46,47376,14,12738,165,98,Female,Stockholm,High School,2024-08-17,18750
596,60,75554,71,29797,151,77,Male,Stockholm,Bachelor,2024-08-18,28368
597,28,34199,86,48498,173,74,Male,Nairobi,High School,2024-08-19,18068
598,35,101412,5,12120,159,65,Female,London,PhD,2024-08-20,30004
599,64,70948,55,9767,187,104,Male,New York,Master,2024-08-21,22556
600,29,93781,2,23852,171,51,Male,Stockholm,PhD,2024-08-22,28263
601,26,92750,62,14703,175,103,Male,Stockholm,Bachelor,2024-08-23,33711
602,27,86262,91,1929,192,67,Male,London,High School,2024-08-24,36184
603,61,66600,21,12951,188,66,Female,London,High School,2024-08-25,22502
604,34,96898,79,27039,176,79,Male,Stockholm,Master,2024-08-26,40959
605,55,82483,21,49613,178,88,Male,London,High School,2024-08-27,31462
606,24,38297,10,30504,196,62,Male,New York,High School,2024-08-28,7235
607,63,50448,87,18438,187,81,Female,Stockholm,PhD,2024-08-29,28178
608,30,46172,58,49515,169,99,Female,New York,High School,2024-08-30,13719
609,57,62874,39,6744,176,78,Male,New York,High School,2024-08-31,25701
610,59,27657,5,19284,190,95,Male,London,High School,2024-09-01,11895
611,26,104386,65,43417,169,79,Female,New York,Master,2024-09-02,28259
612,44,45425,13,40748,193,67,Male,London,Master,2024-09-03,15392
613,19,46685,85,8069,168,62,Male,Nairobi,PhD,2024-09-04,20163
614,22,44578,90,43359,169,92,Female,London,High School,2024-09-05,18579
615,46,48831,85,20799,184,70,Male,New York,Master,2024-09-06,29903
616,54,27906,53,34210,196,79,Male,Nairobi,Master,2024-09-07,10403
617,55,81413,82,29226,151,70,Female,London,PhD,2024-09-08,28592
618,36,74028,45,5652,179,97,Female,New York,Bachelor,2024-09-09,27086
619,25,27287,32,25323,183,104,Male,Stockholm,High School,2024-09-10,14814
620,62,53660,36,43138,171,66,Female,Stockholm,Master,2024-09-11,18989
621,18,95758,81,8597,152,89,Male,London,PhD,2024-09-12,42659
622,39,80504,99,48093,155,68,Male,London,PhD,2024-09-13,36706
623,34,79720,60,38226,164,101,Male,Stockholm,PhD,2024-09-14,19024
624,24,54701,11,7591,176,64,Female,New York,Master,2024-09-15,14862
625,42,103300,63,26833,159,58,Female,New York,High School,2024-09-16,34480
626,62,37674,21,12826,158,101,Male,New York,Bachelor,2024-09-17,15799
627,21,103560,52,27417,182,59,Male,London,High School,2024-09-18,23143
628,53,43874,55,19693,181,93,Female,Nairobi,PhD,2024-09-19,31407
629,23,63642,26,15138,197,80,Female,Nairobi,PhD,2024-09-20,24347
630,48,117820,68,3169,155,102,Female,Nairobi,Bachelor,2024-09-21,42890
631,36,85160,34,19556,190,72,Male,Nairobi,High School,2024-09-22,34855
632,61,37602,52,23052,185,101,Female,Nairobi,PhD,2024-09-23,28198
633,56,108801,82,7313,151,79,Female,London,PhD,2024-09-24,45194
634,44,45931,99,9315,178,82,Male,London,High School,2024-09-25,28423
635,27,114377,93,9036,153,106,Male,Nairobi,PhD,2024-09-26,44266
636,43,49192,52,32778,150,101,Male,London,High School,2024-09-27,19249
637,36,66542,29,28734,168,58,Female,London,PhD,2024-09-28,20483
638,56,62520,38,24173,175,103,Male,Nairobi,High School,2024-09-29,18425
639,20,84772,42,31403,174,96,Male,New York,Bachelor,2024-09-30,26196
640,62,78762,21,1785,159,50,Male,London,PhD,2024-10-01,18975
641,30,70106,42,7139,164,93,Male,New York,Bachelor,2024-10-02,24852
642,45,101121,13,7344,171,84,Female,London,PhD,2024-10-03,23212
643,37,45559,64,19800,197,60,Male,London,PhD,2024-10-04,21022
644,45,53742,17,26372,170,83,Female,Nairobi,Master,2024-10-05,17640
645,25,89669,9,21538,171,65,Female,London,High School,2024-10-06,28535
646,58,100199,41,15973,185,58,Female,Stockholm,Bachelor,2024-10-07,31549
647,56,41754,1,6619,183,81,Male,Stockholm,Bachelor,2024-10-08,28010
648,18,23972,2,35704,179,64,Female,Nairobi,Bachelor,2024-10-09,14192
649,20,90831,60,37575,174,61,Male,New York,High School,2024-10-10,27026
650,30,61873,48,40919,194,82,Male,New York,Master,2024-10-11,24526
651,45,114661,29,43261,177,94,Male,New York,Bachelor,2024-10-12,34258
652,42,29903,97,46123,150,63,Female,Stockholm,High School,2024-10-13,13598
653,50,23020,10,28716,198,106,Male,New York,PhD,2024-10-14,1205
654,55,61755,58,4236,194,106,Male,New York,Bachelor,2024-10-15,26487
655,23,105956,60,16848,153,57,Male,Nairobi,Bachelor,2024-10-16,34379
656,61,106988,21,3352,156,57,Female,New York,Master,2024-10-17,39035
657,62,65648,28,2932,198,76,Female,Stockholm,Bachelor,2024-10-18,27463
658,49,29516,75,11913,158,61,Female,Stockholm,Bachelor,2024-10-19,23224
659,62,22396,34,9556,185,50,Male,Stockholm,PhD,2024-10-20,5856
660,64,104082,8,22300,168,92,Female,Nairobi,High School,2024-10-21,34401
661,38,39129,59,6498,150,89,Male,Nairobi,High School,2024-10-22,20800
662,33,21591,86,11582,159,91,Male,London,Master,2024-10-23,12706
663,38,31303,72,47633,185,100,Female,New York,PhD,2024-10-24,12732
664,28,50561,49,10569,158,60,Male,Nairobi,High School,2024-10-25,28115
665,54,91719,79,5857,194,88,Female,Stockholm,PhD,2024-10-26,36553
666,53,112108,17,1340,195,92,Male,Stockholm,High School,2024-10-27,38512
667,52,119616,60,44949,191,80,Female,Nairobi,PhD,2024-10-28,37774
668,36,106231,87,17766,181,66,Male,Nairobi,Master,2024-10-29,34472
669,37,27314,88,27132,181,82,Male,Nairobi,Bachelor,2024-10-30,14146
670,35,39623,45,9491,155,81,Male,London,Master,2024-10-31,15766
671,64,87675,83,1138,197,107,Male,Stockholm,High School,2024-11-01,29281
672,58,116826,69,1358,187,78,Male,London,Master,2024-11-02,41898
673,31,85082,32,10714,166,70,Female,London,Bachelor,2024-11-03,20282
674,32,103624,44,20840,159,70,Male,New York,Master,2024-11-04,29886
675,48,53130,65,35395,199,89,Female,Stockholm,High School,2024-11-05,25793
676,18,71756,87,31654,176,72,Female,Stockholm,High School,2024-11-06,33245
677,20,117624,8,26879,199,105,Female,Nairobi,Master,2024-11-07,34127
678,33,46292,77,16996,184,55,Male,Nairobi,Bachelor,2024-11-08,16498
679,40,106206,72,38772,170,71,Male,New York,Master,2024-11-09,33924
680,28,89274,87,27762,174,99,Male,London,Bachelor,2024-11-10,33615
681,29,22469,43,14283,177,87,Female,Nairobi,PhD,2024-11-11,14263
682,27,73947,1,40420,196,86,Male,Nairobi,Bachelor,2024-11-12,26925
683,49,42534,51,20554,164,94,Male,Stockholm,PhD,2024-11-13,15377
684,33,83620,24,21219,153,100,Female,Stockholm,Master,2024-11-14,21718
685,25,68874,99,35919,178,103,Female,Nairobi,Bachelor,2024-11-15,31901
686,55,69708,24,10429,158,57,Female,Stockholm,PhD,2024-11-16,19194
687,29,94553,17,47840,176,90,Female,New York,PhD,2024-11-17,27474
688,41,88344,5,45695,175,98,Female,Nairobi,PhD,2024-11-18,33629
689,45,69138,20,40673,168,84,Female,Stockholm,High School,2024-11-19,26876
690,25,74302,21,20218,177,100,Male,New York,Master,2024-11-20,25180
691,45,67638,58,13452,166,60,Female,Stockholm,PhD,2024-11-21,19731
692,53,98249,31,49980,192,73,Male,Stockholm,Bachelor,2024-11-22,33631
693,43,22719,11,19951,190,98,Male,Stockholm,PhD,2024-11-23,13228
694,25,42890,52,2307,191,70,Male,Nairobi,High School,2024-11-24,16188
695,45,97236,15,15852,199,100,Female,London,Master,2024-11-25,37426
696,45,56509,83,26232,169,51,Male,Stockholm,High School,2024-11-26,31716
697,54,62534,7,36428,194,89,Female,New York,High School,2024-11-27,27778
698,58,112241,28,44171,189,68,Female,Nairobi,High School,2024-11-28,37998
699,53,38787,51,27485,188,88,Male,Nairobi,Bachelor,2024-11-29,19673
700,44,68845,58,11238,198,77,Female,New York,Master,2024-11-30,33524
701,34,77932,5,39975,172,108,Male,Stockholm,Master,2024-12-01,26116
702,26,112124,5,2140,196,66,Male,London,Bachelor,2024-12-02,31631
703,50,111659,94,25842,181,55,Female,Stockholm,Master,2024-12-03,40654
704,37,53062,96,27421,196,68,Male,New York,High School,2024-12-04,26711
705,30,95713,8,2708,182,105,Male,Nairobi,Master,2024-12-05,23061
706,45,107263,64,4630,195,87,Male,London,Bachelor,2024-12-06,37862
707,46,115756,10,20595,154,77,Female,Nairobi,High School,2024-12-07,41209
708,30,80461,38,11485,192,51,Male,New York,Bachelor,2024-12-08,16982
709,63,95418,96,29308,197,87,Female,Stockholm,PhD,2024-12-09,45897
710,52,86672,92,45789,183,104,Female,London,High School,2024-12-10,40813
711,23,54832,81,27086,189,86,Male,Nairobi,High School,2024-12-11,22250
712,35,51966,95,17859,160,100,Male,Nairobi,Master,2024-12-12,27806
713,22,92545,8,8684,199,101,Female,Nairobi,High School,2024-12-13,28579
714,64,32987,25,26552,152,53,Female,Stockholm,Bachelor,2024-12-14,18546
715,42,57311,73,2207,182,71,Male,London,Master,2024-12-15,29406
716,19,51575,66,47099,160,75,Male,Stockholm,PhD,2024-12-16,15072
717,27,83852,79,2960,165,98,Female,Stockholm,Bachelor,2024-12-17,35991
718,47,21007,50,1557,167,92,Female,Stockholm,PhD,2024-12-18,10273
719,62,90981,67,30689,179,85,Female,New York,PhD,2024-12-19,34408
720,22,96242,49,49651,197,107,Female,New York,PhD,2024-12-20,30131
721,50,67517,36,14893,159,62,Female,New York,High School,2024-12-21,32595
722,18,49257,68,33272,167,101,Male,London,Bachelor,2024-12-22,26777
723,35,107272,78,1882,187,107,Female,Stockholm,Bachelor,2024-12-23,36282
724,49,62207,41,38529,168,81,Female,Stockholm,High School,2024-12-24,16089
725,64,33281,89,39635,185,66,Male,New York,Master,2024-12-25,16955
726,28,81246,62,30535,162,90,Male,Stockholm,PhD,2024-12-26,32746
727,38,21435,10,13869,195,85,Female,Stockholm,Bachelor,2024-12-27,8631
728,43,118875,21,8166,152,104,Female,Nairobi,High School,2024-12-28,44028
729,42,111357,36,13982,159,109,Male,Stockholm,PhD,2024-12-29,40956
730,39,46660,12,41697,187,95,Female,Nairobi,Master,2024-12-30,20045
731,44,25084,91,39115,150,68,Female,Stockholm,Master,2024-12-31,18259
732,30,102197,2,8269,176,107,Male,London,PhD,2025-01-01,23912
733,50,33507,13,29064,195,109,Female,New York,Master,2025-01-02,10373
734,51,92595,53,14527,157,84,Male,Nairobi,Bachelor,2025-01-03,38378
735,58,103807,32,3454,195,95,Male,New York,Bachelor,2025-01-04,34084
736,52,65539,95,21878,191,89,Male,Nairobi,Bachelor,2025-01-05,31677
737,18,27491,16,13991,166,105,Male,Nairobi,Master,2025-01-06,8253
738,38,70192,32,3808,158,108,Female,Nairobi,Bachelor,2025-01-07,19108
739,23,100395,32,40410,155,77,Male,London,High School,2025-01-08,32701
740,45,83888,98,37593,192,50,Female,Stockholm,Bachelor,2025-01-09,36511
741,34,93609,11,37304,174,91,Female,Nairobi,Bachelor,2025-01-10,25904
742,22,29077,10,31386,188,67,Female,London,Master,2025-01-11,8544
743,48,40953,15,49077,198,97,Female,Nairobi,Bachelor,2025-01-12,9088
744,22,96919,17,4802,177,89,Female,Stockholm,PhD,2025-01-13,36371
745,55,87889,40,29753,182,82,Male,Nairobi,High School,2025-01-14,28894
746,20,43821,18,22083,186,61,Male,London,Master,2025-01-15,22210
747,40,57567,55,19354,158,57,Male,Stockholm,High School,2025-01-16,30413
748,54,44860,73,23190,167,73,Male,London,PhD,2025-01-17,20352
749,54,41195,25,7142,170,65,Female,Stockholm,Master,2025-01-18,9816
750,27,97475,59,29398,151,99,Male,Stockholm,Master,2025-01-19,24713
751,27,110874,78,42862,192,53,Female,New York,Bachelor,2025-01-20,33702
752,36,107266,89,34132,187,87,Female,New York,High School,2025-01-21,34210
753,34,41427,22,20503,189,93,Male,New York,PhD,2025-01-22,21520
754,38,47083,30,49456,185,76,Male,Stockholm,PhD,2025-01-23,17704
755,31,107046,84,35631,199,58,Male,Nairobi,Master,2025-01-24,42461
756,26,77372,85,17499,192,96,Male,London,Bachelor,2025-01-25,20609
757,63,64064,44,40852,186,65,Female,London,Master,2025-01-26,17629
758,18,27813,32,9016,164,105,Female,London,Master,2025-01-27,15979
759,62,51598,51,3384,177,61,Male,New York,Master,2025-01-28,22013
760,30,113106,46,16072,167,80,Female,Stockholm,Master,2025-01-29,37795
761,21,47082,21,37703,183,73,Female,New York,PhD,2025-01-30,19048
762,18,49241,99,46895,171,104,Female,Nairobi,PhD,2025-01-31,32851
763,57,116214,32,15482,160,63,Male,Stockholm,Master,2025-02-01,36958
764,49,64569,94,41510,162,94,Female,London,Master,2025-02-02,29117
765,51,31745,39,49933,153,74,Male,New York,Bachelor,2025-02-03,14386
766,45,46029,12,22826,171,83,Male,New York,Master,2025-02-04,26969
767,48,33025,47,3490,156,52,Female,Nairobi,PhD,2025-02-05,4110
768,25,34288,18,47092,192,107,Female,Nairobi,High School,2025-02-06,15502
769,56,109186,21,26518,173,73,Male,New York,PhD,2025-02-07,34281
770,43,26540,13,25045,153,103,Female,Nairobi,Bachelor,2025-02-08,12095
771,51,117768,21,27910,177,91,Female,London,PhD,2025-02-09,34143
772,20,101958,8,25566,164,58,Male,Nairobi,High School,2025-02-10,31142
773,29,88878,46,34905,150,75,Male,Nairobi,Master,2025-02-11,34820
774,18,61846,7,28103,152,69,Male,New York,High School,2025-02-12,34818
775,61,95932,23,37188,163,89,Male,New York,Master,2025-02-13,35119
776,22,37482,96,6845,187,59,Female,Stockholm,Master,2025-02-14,16604
777,47,43411,75,22162,199,68,Female,Stockholm,PhD,2025-02-15,18404
778,47,70975,86,37674,150,52,Male,New York,PhD,2025-02-16,27625
779,34,80545,22,20337,187,73,Male,Nairobi,PhD,2025-02-17,17385
780,64,98797,89,23313,187,54,Male,Nairobi,Bachelor,2025-02-18,36888
781,40,72307,22,27943,170,52,Female,Stockholm,PhD,2025-02-19,27556
782,32,23093,92,13413,197,107,Male,Stockholm,Bachelor,2025-02-20,9756
783,54,97258,29,1276,178,76,Female,Stockholm,PhD,2025-02-21,37319
784,38,42042,13,18611,154,65,Male,London,Master,2025-02-22,16351
785,31,72930,82,40105,198,98,Male,London,Bachelor,2025-02-23,26407
786,19,64413,2,12944,159,64,Male,Stockholm,High School,2025-02-24,18816
787,28,113623,29,16906,177,84,Female,Nairobi,Bachelor,2025-02-25,44978
788,56,117883,85,21536,170,61,Female,Stockholm,Bachelor,2025-02-26,47532
789,55,53756,79,28810,199,90,Female,London,High School,2025-02-27,24070
790,51,73268,52,13306,156,102,Male,Nairobi,Bachelor,2025-02-28,25991
791,55,59214,27,11503,152,93,Female,London,Master,2025-03-01,20847
792,51,101871,50,20225,194,75,Female,Nairobi,PhD,2025-03-02,33002
793,35,48602,95,37976,196,96,Male,London,High School,2025-03-03,13556
794,47,73331,79,12590,169,83,Male,Nairobi,PhD,2025-03-04,40110
795,32,68901,23,11886,168,72,Female,Nairobi,Master,2025-03-05,23746
796,44,119986,88,13866,184,80,Female,Nairobi,High School,2025-03-06,46786
797,51,83416,44,2088,153,99,Female,Nairobi,PhD,2025-03-07,29135
798,55,52196,77,4363,154,69,Female,New York,PhD,2025-03-08,19683
799,50,25626,22,33792,150,61,Male,London,Master,2025-03-09,8958
800,41,27424,43,10764,153,72,Male,London,PhD,2025-03-10,4530
801,32,32857,37,21620,161,53,Male,New York,Master,2025-03-11,24942
802,47,39982,61,43727,176,72,Female,Nairobi,Bachelor,2025-03-12,11922
803,59,96961,97,13935,191,97,Female,Nairobi,Master,2025-03-13,33628
804,34,21980,56,9068,172,104,Male,London,Bachelor,2025-03-14,9992
805,22,68290,3,8295,174,97,Male,New York,High School,2025-03-15,27227
806,46,46431,63,42160,170,50,Female,Nairobi,PhD,2025-03-16,20301
807,21,104976,19,12390,173,103,Female,Nairobi,Master,2025-03-17,27212
808,27,102711,23,42216,174,74,Male,Nairobi,Master,2025-03-18,39384
809,34,46385,29,21131,194,51,Male,Stockholm,PhD,2025-03-19,20470
810,27,58158,30,30218,195,79,Male,New York,PhD,2025-03-20,23139
811,34,43019,39,11433,181,52,Female,Nairobi,High School,2025-03-21,20384
812,37,38639,25,16038,181,107,Female,Stockholm,High School,2025-03-22,26063
813,41,105530,8,29182,154,70,Female,New York,Master,2025-03-23,43384
814,22,119911,58,12528,185,74,Female,Nairobi,High School,2025-03-24,38339
815,51,41563,16,22281,195,69,Female,London,Bachelor,2025-03-25,22188
816,23,59341,72,49511,191,98,Female,Stockholm,High School,2025-03-26,26918
817,19,25776,1,9605,198,101,Male,Stockholm,High School,2025-03-27,10328
818,30,56444,5,35782,191,71,Male,Nairobi,Master,2025-03-28,8971
819,60,88916,3,2381,188,70,Female,Nairobi,Bachelor,2025-03-29,26122
820,60,28711,65,2098,165,82,Male,Stockholm,High School,2025-03-30,11049
821,28,94318,4,20810,182,101,Female,London,Bachelor,2025-03-31,32835
822,64,102970,99,25322,198,87,Male,London,Bachelor,2025-04-01,46146
823,40,105553,96,42869,170,64,Female,New York,Bachelor,2025-04-02,30893
824,33,50707,64,33955,158,107,Male,Nairobi,PhD,2025-04-03,21501
825,48,59110,98,45716,155,107,Male,London,PhD,2025-04-04,33142
826,28,81788,89,11207,194,95,Female,New York,PhD,2025-04-05,32503
827,33,102879,10,22793,184,101,Female,London,PhD,2025-04-06,35509
828,25,58827,21,3092,188,64,Male,Nairobi,Master,2025-04-07,21503
829,21,25655,46,29220,171,95,Male,New York,High School,2025-04-08,14004
830,57,64859,91,19514,190,74,Female,New York,PhD,2025-04-09,27201
831,21,73625,27,39010,154,70,Male,New York,Master,2025-04-10,18704
832,42,72098,66,9549,191,73,Female,London,High School,2025-04-11,22621
833,20,35251,41,23031,172,106,Female,Nairobi,PhD,2025-04-12,18222
834,49,20526,13,6185,166,107,Male,New York,High School,2025-04-13,7555
835,20,88760,9,16271,161,54,Female,Stockholm,PhD,2025-04-14,26835
836,44,67837,36,6776,172,55,Male,Nairobi,Master,2025-04-15,21831
837,46,31536,86,13449,165,98,Male,Stockholm,Bachelor,2025-04-16,16534
838,49,48541,90,25297,152,92,Female,Stockholm,Bachelor,2025-04-17,28796
839,36,99083,58,41591,179,97,Male,New York,High School,2025-04-18,33848
840,38,71027,54,16717,171,93,Female,New York,Master,2025-04-19,20002
841,22,54531,12,41123,158,96,Female,London,Bachelor,2025-04-20,21277
842,35,28712,81,40233,178,72,Female,London,PhD,2025-04-21,15689
843,45,85455,78,46505,196,53,Male,London,Bachelor,2025-04-22,33593
844,59,94744,14,47092,186,76,Female,Nairobi,High School,2025-04-23,37861
845,39,25109,34,11350,172,67,Male,London,High School,2025-04-24,10829
846,38,69268,53,31622,162,70,Female,Stockholm,Master,2025-04-25,27526
847,23,74615,20,36323,181,77,Female,London,High School,2025-04-26,18489
848,18,102503,75,3951,195,84,Female,New York,Bachelor,2025-04-27,37152
849,22,49759,16,18622,196,71,Male,London,Bachelor,2025-04-28,19575
850,58,105708,95,5727,197,89,Male,Nairobi,Bachelor,2025-04-29,33435
851,29,80112,70,39454,172,72,Female,Nairobi,Bachelor,2025-04-30,32037
852,43,46589,56,37469,194,52,Female,Stockholm,Master,2025-05-01,20080
853,63,50015,83,36548,166,89,Male,Nairobi,PhD,2025-05-02,23510
854,51,49009,58,24782,189,99,Male,London,PhD,2025-05-03,25688
855,31,103309,4,29454,170,59,Male,New York,Master,2025-05-04,33064
856,43,82046,4,3368,151,74,Female,Nairobi,High School,2025-05-05,32404
857,62,46143,20,16592,186,101,Male,Stockholm,PhD,2025-05-06,10874
858,44,26154,10,23173,155,98,Female,London,High School,2025-05-07,9525
859,26,41804,24,34204,193,57,Male,Stockholm,PhD,2025-05-08,15363
860,43,61688,99,36596,167,104,Female,Nairobi,High School,2025-05-09,23060
861,64,84288,26,35324,179,60,Female,Nairobi,Master,2025-05-10,32667
862,39,71195,37,47132,171,54,Female,Stockholm,Bachelor,2025-05-11,36681
863,64,40581,85,24864,182,107,Male,London,High School,2025-05-12,20589
864,47,72648,54,48829,179,94,Male,Nairobi,Bachelor,2025-05-13,29719
865,60,50087,21,31750,166,102,Male,New York,High School,2025-05-14,17548
866,34,69930,74,11576,192,104,Female,Nairobi,High School,2025-05-15,24811
867,43,52981,38,17566,181,86,Female,London,High School,2025-05-16,10590
868,53,89298,46,8190,191,105,Male,Nairobi,High School,2025-05-17,27860
869,18,66167,4,24071,163,108,Female,Stockholm,High School,2025-05-18,13290
870,25,95304,60,39333,159,94,Female,Nairobi,Bachelor,2025-05-19,43111
871,52,63408,57,16369,196,87,Female,Nairobi,High School,2025-05-20,24146
872,32,59499,45,25035,185,78,Male,London,Bachelor,2025-05-21,20620
873,64,72269,20,2589,183,54,Female,Stockholm,Master,2025-05-22,28126
874,39,58559,17,26235,158,58,Male,London,PhD,2025-05-23,13658
875,31,94319,71,1159,191,108,Male,Nairobi,High School,2025-05-24,31561
876,43,115317,4,13145,177,97,Male,New York,PhD,2025-05-25,35335
877,45,116347,93,16373,160,51,Male,Nairobi,Bachelor,2025-05-26,49347
878,40,68787,14,32921,163,50,Male,London,Master,2025-05-27,24544
879,31,55488,3,40323,188,89,Female,New York,Master,2025-05-28,18188
880,41,94441,88,17237,196,109,Male,London,Master,2025-05-29,37522
881,19,94663,80,42971,168,100,Male,London,PhD,2025-05-30,38400
882,62,42431,58,9244,164,79,Male,Stockholm,Bachelor,2025-05-31,19537
883,43,81681,55,15743,177,60,Female,New York,High School,2025-06-01,24854
884,31,83483,4,32566,173,77,Female,Nairobi,High School,2025-06-02,25675
885,24,69153,24,47101,157,93,Female,London,Bachelor,2025-06-03,17777
886,20,26368,34,47109,192,61,Female,Nairobi,PhD,2025-06-04,11715
887,64,47424,30,19691,158,88,Male,Stockholm,High School,2025-06-05,14823
888,40,65004,82,34996,196,75,Male,Stockholm,Bachelor,2025-06-06,40398
889,63,103869,19,6590,182,62,Female,New York,High School,2025-06-07,32861
890,60,108652,31,6585,182,108,Female,Stockholm,Master,2025-06-08,28674
891,64,76985,60,10227,168,57,Female,Stockholm,High School,2025-06-09,28424
892,62,70069,60,29278,152,103,Female,Nairobi,PhD,2025-06-10,29617
893,35,72326,19,39814,159,77,Male,Stockholm,Bachelor,2025-06-11,31964
894,55,101061,49,13237,189,107,Female,Stockholm,PhD,2025-06-12,32271
895,52,43398,63,16649,196,79,Female,London,Bachelor,2025-06-13,11407
896,32,118393,83,38713,191,58,Female,Stockholm,Master,2025-06-14,47902
897,42,70861,22,8927,150,88,Female,London,Bachelor,2025-06-15,16555
898,54,95897,24,46409,178,80,Female,Stockholm,High School,2025-06-16,28988
899,45,101905,76,49766,199,107,Female,Stockholm,High School,2025-06-17,36883
900,27,88577,30,47154,183,70,Female,New York,Master,2025-06-18,29224
901,56,85641,58,8016,162,105,Male,New York,Bachelor,2025-06-19,34938
902,34,29078,31,15027,150,96,Male,London,Master,2025-06-20,8405
903,56,45003,64,49688,183,83,Male,Stockholm,High School,2025-06-21,18532
904,39,82768,19,25142,178,104,Male,Nairobi,PhD,2025-06-22,26659
905,43,71047,48,47520,197,80,Male,New York,Master,2025-06-23,26862
906,61,91626,45,24545,196,101,Male,Nairobi,PhD,2025-06-24,32476
907,42,77660,94,32897,162,74,Female,New York,PhD,2025-06-25,34878
908,34,69786,55,4167,197,61,Female,New York,Bachelor,2025-06-26,30654
909,30,21925,55,45757,198,50,Male,Stockholm,Master,2025-06-27,14040
910,37,103976,97,27917,178,104,Female,New York,PhD,2025-06-28,43160
911,42,46015,18,23736,188,71,Male,Nairobi,PhD,2025-06-29,7693
912,21,53320,63,28990,173,89,Female,New York,Bachelor,2025-06-30,22547
913,27,84881,92,15087,175,86,Female,London,Bachelor,2025-07-01,37061
914,20,110827,47,23440,166,96,Female,Stockholm,High School,2025-07-02,41592
915,58,46289,75,36205,156,50,Female,Stockholm,PhD,2025-07-03,17924
916,62,23389,57,16275,162,50,Female,London,High School,2025-07-04,9421
917,35,45683,45,6276,154,106,Female,London,PhD,2025-07-05,15334
918,64,33629,33,42627,175,91,Male,London,High School,2025-07-06,16070
919,53,81550,17,41586,198,103,Male,New York,Bachelor,2025-07-07,31334
920,64,44826,70,38496,152,91,Female,Stockholm,Master,2025-07-08,18410
921,39,46630,4,20008,156,70,Male,London,Bachelor,2025-07-09,18928
922,51,118762,20,6738,198,64,Female,New York,High School,2025-07-10,38245
923,64,66163,47,33402,188,66,Male,London,High School,2025-07-11,23927
924,25,118511,91,6793,150,71,Female,Nairobi,Master,2025-07-12,43596
925,57,86435,15,38291,198,87,Male,Nairobi,PhD,2025-07-13,31163
926,61,31653,70,6571,166,84,Female,Stockholm,High School,2025-07-14,18123
927,36,47961,47,32331,192,94,Male,New York,High School,2025-07-15,30467
928,59,101941,78,17209,174,65,Female,Nairobi,High School,2025-07-16,34121
929,58,94137,75,49014,152,57,Male,Nairobi,Master,2025-07-17,38331
930,54,53662,9,26394,164,96,Female,New York,Bachelor,2025-07-18,14352
931,23,118818,90,44148,178,66,Female,London,High School,2025-07-19,40298
932,43,76446,16,26682,192,66,Female,New York,Master,2025-07-20,24479
933,51,41288,69,3224,181,103,Male,London,High School,2025-07-21,19973
934,62,115081,61,42157,175,75,Male,Nairobi,PhD,2025-07-22,55215
935,23,56877,10,49695,165,62,Male,Nairobi,Master,2025-07-23,17142
936,54,35313,50,45452,174,66,Female,Nairobi,High School,2025-07-24,9943
937,50,100885,3,44408,177,87,Male,Stockholm,Master,2025-07-25,31930
938,39,92715,77,33441,158,66,Female,Stockholm,High School,2025-07-26,25141
939,38,30326,94,42430,150,97,Male,Stockholm,Bachelor,2025-07-27,18038
940,23,21560,70,40129,178,63,Male,New York,High School,2025-07-28,13548
941,23,99148,81,35716,171,94,Male,Nairobi,Master,2025-07-29,41817
942,21,103186,51,45859,165,55,Male,Nairobi,PhD,2025-07-30,40923
943,47,46745,19,27586,190,84,Female,New York,PhD,2025-07-31,13405
944,28,51890,42,45760,193,95,Male,Stockholm,PhD,2025-08-01,19013
945,47,40022,35,24478,190,63,Male,New York,High School,2025-08-02,11675
946,48,72579,46,7318,156,96,Female,Stockholm,Bachelor,2025-08-03,20733
947,41,90316,26,29694,163,57,Female,Nairobi,High School,2025-08-04,31244
948,26,103847,69,21180,178,64,Male,London,PhD,2025-08-05,31686
949,20,48380,93,13180,168,103,Male,Stockholm,Master,2025-08-06,21740
950,48,22356,64,34002,168,76,Female,Nairobi,PhD,2025-08-07,8130
951,57,90326,37,16372,151,62,Female,Nairobi,Master,2025-08-08,33546
952,54,112447,84,30796,190,98,Female,London,Bachelor,2025-08-09,51141
953,53,109899,49,25427,194,80,Male,Nairobi,Master,2025-08-10,31361
954,41,40049,21,34290,164,102,Male,Nairobi,High School,2025-08-11,4849
955,48,95717,74,29099,152,105,Male,Stockholm,High School,2025-08-12,35490
956,23,36082,64,46486,160,84,Female,Stockholm,High School,2025-08-13,17303
957,19,20661,5,10821,195,109,Female,London,Master,2025-08-14,7791
958,37,57412,70,6832,179,55,Female,London,High School,2025-08-15,21991
959,45,22920,90,13820,189,54,Male,Nairobi,High School,2025-08-16,14872
960,28,111194,4,17211,167,71,Female,Stockholm,High School,2025-08-17,35595
961,21,80315,39,40890,197,107,Male,London,Bachelor,2025-08-18,33196
962,32,99561,35,6842,151,98,Female,London,Master,2025-08-19,23593
963,23,28946,1,2316,181,72,Male,New York,Master,2025-08-20,6939
964,47,114242,24,46968,157,74,Male,London,PhD,2025-08-21,37741
965,55,65500,57,18508,171,83,Female,Nairobi,Master,2025-08-22,20760
966,19,36309,70,23005,155,75,Male,Stockholm,Bachelor,2025-08-23,26548
967,32,75230,41,16206,161,96,Female,London,Master,2025-08-24,23491
968,28,118656,54,19971,196,54,Male,New York,Bachelor,2025-08-25,40790
969,25,50027,46,26599,189,75,Female,Stockholm,Bachelor,2025-08-26,22388
970,43,92541,60,23056,185,69,Female,London,Master,2025-08-27,30805
971,62,79321,60,2378,164,55,Male,New York,PhD,2025-08-28,20563
972,61,20956,57,2519,177,55,Female,London,High School,2025-08-29,9843
973,22,94131,31,23161,198,108,Male,Stockholm,High School,2025-08-30,36486
974,23,67908,84,41703,194,99,Female,Stockholm,Master,2025-08-31,27087
975,43,98339,24,39861,167,67,Female,Stockholm,Master,2025-09-01,27669
976,21,45963,89,6355,151,53,Female,Nairobi,Bachelor,2025-09-02,27317
977,36,59443,36,10083,162,66,Female,London,Master,2025-09-03,19779
978,37,119259,85,39342,194,106,Male,Nairobi,Bachelor,2025-09-04,41726
979,50,59063,30,21456,164,63,Female,Stockholm,PhD,2025-09-05,21466
980,37,100818,24,14324,169,63,Female,New York,Master,2025-09-06,36499
981,29,24703,30,3257,178,62,Male,London,High School,2025-09-07,22319
982,64,85128,86,28364,191,56,Male,Nairobi,High School,2025-09-08,38274
983,18,92099,92,25972,178,93,Male,London,Master,2025-09-09,42628
984,43,45849,7,47179,152,104,Male,New York,Bachelor,2025-09-10,11924
985,31,51860,35,27654,168,64,Male,Nairobi,High School,2025-09-11,13928
986,55,51585,55,16233,152,68,Male,Stockholm,Bachelor,2025-09-12,21287
987,54,42015,92,16887,163,92,Female,Nairobi,Master,2025-09-13,22340
988,28,97539,14,30320,189,96,Male,London,Master,2025-09-14,25269
989,53,63585,10,21808,153,93,Female,London,High School,2025-09-15,19199
990,30,46958,80,31154,160,84,Male,London,Master,2025-09-16,24083
991,60,46017,16,35773,180,66,Female,London,PhD,2025-09-17,17207
992,20,96707,54,28747,192,84,Female,Stockholm,PhD,2025-09-18,36933
993,50,65350,95,11860,181,68,Female,Nairobi,High School,2025-09-19,30559
994,23,32201,89,43838,176,69,Male,Stockholm,PhD,2025-09-20,16025
995,27,49426,77,43156,179,85,Male,Stockholm,Bachelor,2025-09-21,19958
996,22,37778,70,19156,192,84,Male,Stockholm,High School,2025-09-22,12338
997,40,65241,44,21360,151,81,Male,London,High School,2025-09-23,32896
998,27,62229,73,19135,198,107,Female,London,Bachelor,2025-09-24,26035
999,61,106652,45,26351,158,97,Male,London,PhD,2025-09-25,35371
1000,19,68364,56,31499,177,93,Female,Nairobi,PhD,2025-09-26,21465
